sg77193	CAACGCTCGAACCGGACGTA	NC0001
sg77194	ATCCGGACGCTATACGCGTA	NC0002
sg77195	CGGCCCATATATCGCGACGC	NC0003
sg77196	CGAAATCTATCGCGCGACGA	NC0004
sg77197	ACCGTACTATCGATCGACGC	NC0005
sg77198	CGGAGTACGCTAATCGCGAC	NC0006
sg77199	CGCTTATCGCGTAAATCGTA	NC0007
sg77200	CGCGATCTACGATAGGCGCG	NC0008
sg77201	CAAGCGGTACGGTACGCTCG	NC0009
sg77202	ATACCGTTCGCGCGTCGCAA	NC0010
sg77203	ATACGCGTCGAATCGCTACG	NC0011
sg77204	CACCGGATCGCGACGGATTA	NC0012
sg77205	ACCCGCTATTATCGCGATAC	NC0013
sg77206	GTCCGACGCGTACCGCTATA	NC0014
sg77207	GGCTCGACGCGCGAATCGTA	NC0015
sg77208	ATATGCCGTCGTACGACCGG	NC0016
sg77209	ATCGTAATCGCGATATCCGG	NC0017
sg77210	ATAAGCGGCGCGACGCTAAA	NC0018
sg77211	ACGAGTTCAACGTATCGTCG	NC0019
sg77212	CTATATCCGATCGGTCCGCC	NC0020
sg77213	CGCTCTAGTAACGATCGACG	NC0021
sg77214	ACGATTGGTACGTTCGACGT	NC0022
sg77215	CTCGAGGTTCGGACCGTCGA	NC0023
sg77216	CGTATATCGTACTACGTCGA	NC0024
sg77217	AGTAGGCTCGTATGTCGCGA	NC0025
sg77218	AGTTACGCGACGTACCGTTG	NC0026
sg77219	CGTAATCCGCGTAATACGAG	NC0027
sg77220	TGCACGGGCGCGATCGATAA	NC0028
sg77221	ACGTCAGACGATACGTCGTA	NC0029
sg77222	CGCGTTCGTAACGTACGCGA	NC0030
sg77223	ACGCTATTACGCGGTATGAT	NC0031
sg77224	ACCCTCGGCGTATAGTCGCG	NC0032
sg77225	GTCGCAATACGATCCGCCTA	NC0033
sg77226	CGCCGCCTATTATACGCGTA	NC0034
sg77227	CTCGAACGCGGTCGTATACC	NC0035
sg77228	CGGCGTAACTCCGTCGCGTA	NC0036
sg77229	CATTCGCACTACGTTGCGCG	NC0037
sg77230	CGCATTCTTATATCGCGACG	NC0038
sg77231	ACGTTGACGCGACAACGATC	NC0039
sg77232	CGATCCCTCGATCGCGTATA	NC0040
sg77233	GCGATCACGATCGACGCGAA	NC0041
sg77234	AGTGAACGTCGAACGACGAT	NC0042
sg77235	ACTTAGTTATTACGCGCGAG	NC0043
sg77236	AACGCCGTTCGTTATATCGG	NC0044
sg77237	ATCGTACGCGCGATCTACGA	NC0045
sg77238	GGGATCAATTCGCGGCGTAC	NC0046
sg77239	ACGTTAGCGTTACGCGCTTA	NC0047
sg77240	CGCCTCATATAACGCCCGCG	NC0048
sg77241	AGTTCGGATCGCCCGTACGA	NC0049
sg77242	GCTCGCCGCGAAATTCGTAA	NC0050
sg77243	ACGGTAGTATCGTCCGTTCG	NC0051
sg77244	AATCTCGAGCGCGACGTAAT	NC0052
sg77245	CAATGCGCGGCGACGTATAC	NC0053
sg77246	TAAACCGATCTACCGCGCGA	NC0054
sg77247	TAGGGCGTAATCCGCGACTA	NC0055
sg77248	ATATCGCTCGTACGCGGATC	NC0056
sg77249	ACGCGAGCGGTTATCGCGTC	NC0057
sg77250	ACGCTACGGACCGCTCGTAT	NC0058
sg77251	GGCGTACTAGTCGTCGCGTA	NC0059
sg77252	AGCGAATCCGCGATAGCGTA	NC0060
sg77253	ACCCGGTCCGTTATCGCGCG	NC0061
sg77254	ATACGCAATCGGTCGCGCAT	NC0062
sg77255	ATCGCGCGCGCGGTACATTA	NC0063
sg77256	ACCGTAACGACGCAACTCGA	NC0064
sg77257	ACGTTCGCATAGCGTAATCG	NC0065
sg77258	ATCGGTCCGCGATCGATAAT	NC0066
sg77259	GCGACCGAGTAATTCGCGAC	NC0067
sg77260	ATCGATGTCGCGTCGATTAA	NC0068
sg77261	ATAGCCGGTCGTTATACCGC	NC0069
sg77262	CATCGACGACGCGTATCGAG	NC0070
sg77263	GCGGCGCGATATCGTACGTA	NC0071
sg77264	GCCTTACCGCGGATTATCGA	NC0072
sg77265	CGACGAGGCGACGAATATCG	NC0073
sg77266	ACGTCTCGACCGCCGATTTA	NC0074
sg77267	AACGTTACGCGCTTACGACT	NC0075
sg77268	CGAATCACGAATAGCGTCGA	NC0076
sg77269	GCGAACGACCGGAATACGTA	NC0077
sg77270	ATAGGCGTATCACGCCATCG	NC0078
sg77271	AGGTCGTCGATACGTCAACG	NC0079
sg77272	AGATACGTCGTTCGCGTACT	NC0080
sg77273	CGCGCCGTACCGACGTAGAC	NC0081
sg77274	ATCGTCGATCCGACGTCGGA	NC0082
sg77275	TAATCTACGCGCGGCGTCAA	NC0083
sg77276	ATACGCCCGTCGACTAGTCG	NC0084
sg77277	AGTTCGCGCGGCGATAGCTA	NC0085
sg77278	CCGATAGCGTTTCGCGCTAC	NC0086
sg77279	CGCCGGTATATTGCGCGATC	NC0087
sg77280	ATACGTACCGCGCGATTAAG	NC0088
sg77281	ATGTCGTACCGTTCGCCGAC	NC0089
sg77282	ATTCCGAACGCGGATTAGCG	NC0090
sg77283	GGTCCGTCGTATCCTCGCGA	NC0091
sg77284	ATAGCCGCGATACGCTACTC	NC0092
sg77285	CGCCCGATTAGATCCGTACG	NC0093
sg77286	CGATGCGCGCTACGTATAGC	NC0094
sg77287	TAGGTACGTCCGAACGTCGA	NC0095
sg77288	TACCGGCCGACTAGTGCCGA	NC0096
sg77289	ACGTAGCCGTACCGATACTA	NC0097
sg77290	GTGATCGAATTCGTACGCGA	NC0098
sg77291	AAGCGTAGTTACGCGTCGCA	NC0099
sg77292	GTAGTCGTGCGCCGAAACTA	NC0100
sg77293	CGCATGCTAATCGCGATACG	NC0101
sg77294	ATTACGACGACGTTCTAACG	NC0102
sg77295	ACCGATCGGAGGCGTACTAA	NC0103
sg77296	CCCGTATCGTCGACTAGTCG	NC0104
sg77297	CGGCGAACTCGTTCGTTACG	NC0105
sg77298	CGGACGTTATCGCCGGCCAA	NC0106
sg77299	CGACGGGTCGTCACGATATA	NC0107
sg77300	CGCTTACTATATTATCGCGA	NC0108
sg77301	GCCGACCAGCGTATCGGATA	NC0109
sg77302	AACATCCGATTACGCCGTCG	NC0110
sg77303	ATGCTACCGACGGCGAACGA	NC0111
sg77304	ACGGACTCGCGCGCGAATAT	NC0112
sg77305	ATTTCGTCGTAGTCGCGCGG	NC0113
sg77306	ACCCGTCGCATAATCGTACG	NC0114
sg77307	CCGACTCGTTCGATATGCGA	NC0115
sg77308	AACGAGTACGAACGATCGAG	NC0116
sg77309	AACCTGACGCGAGTTTCGTA	NC0117
sg77310	TACGCGACGCGACACGCTAA	NC0118
sg77311	GCGAACCACTACGATCGCTA	NC0119
sg77312	AACGTATTAGCGGTACGACG	NC0120
sg77313	ACGAAGGGACCGTAATCGAT	NC0121
sg77314	CGATTTCGCGATAACGGCGA	NC0122
sg77315	CGCTATTAGACGCGTTGACG	NC0123
sg77316	AGCAGAACGACGCGCGTATA	NC0124
sg77317	AATCGGTCTCGCGCCATAGT	NC0125
sg77318	AACGTGGTACGCGCGACGAC	NC0126
sg77319	CATTACGTCCGCGATAGACG	NC0127
sg77320	ATCATGCGCTCGTCGGATCG	NC0128
sg77321	AATTCGTCGCGTCTAAACGA	NC0129
sg77322	CGTTCGGTACGACCATCCGA	NC0130
sg77323	ATTTCGTTCCGACGCGCGAA	NC0131
sg77324	ACAATCGGGCGGTATACGTA	NC0132
sg77325	CGGATCCGTACGACCGTTAA	NC0133
sg77326	TATCCGGTTCGTCGACTCGA	NC0134
sg77327	AGTATATCGCTTCGACTGCG	NC0135
sg77328	ATCCGCCGATGACGCGTCGA	NC0136
sg77329	CATCGCGTTATATGCGCGAC	NC0137
sg77330	TACGGCTTCGTATAGCGCGA	NC0138
sg77331	ACGAAACCCGCGAACCGATA	NC0139
sg77332	ATGGCGCGTAACGCGACTCG	NC0140
sg77333	ACCCGATATCGCGAACGTTC	NC0141
sg77334	CGCAATCTATGATTTCGGCG	NC0142
sg77335	ATCGATCGCGTATGACGAAT	NC0143
sg77336	ATTACGGTCGGTCTCGACTA	NC0144
sg77337	TATAAACGTATCGCGCGCCA	NC0145
sg77338	AATCGCGAATAGTGCGCGCT	NC0146
sg77339	ACGTTAATTCGCGACGCGCA	NC0147
sg77340	CGATCTAACGTGCGCGTCGA	NC0148
sg77341	CGTTAATTATACGGTCGCGA	NC0149
sg77342	CGTAGGCCAACGCATCGCGA	NC0150
sg77343	CGTACGCCACGCGCGAAGTA	NC0151
sg77344	ACGAAGATAACGACGCGCGG	NC0152
sg77345	GATAACGTTCGCCGATCGCA	NC0153
sg77346	ATACGGCCCGCCAATTACGC	NC0154
sg77347	AACTACTACGTACCGGCGGT	NC0155
sg77348	TATTAACTACGACCGCGCGA	NC0156
sg77349	ACTCGCGCTTACGCGTAGTA	NC0157
sg77350	CGTTACGCGCGCAAGAGTTA	NC0158
sg77351	AACTTGCTCGAACGGCGCGA	NC0159
sg77352	GGCTAGTCCGGTCGCGAATA	NC0160
sg77353	ATAAGCTTAACGCACGCGCG	NC0161
sg77354	GTACGCGCGGTAGACGATTA	NC0162
sg77355	ACGAACGGCGAATAACGATA	NC0163
sg77356	CTGTTTACGCGCGCCGTTAA	NC0164
sg77357	TATACGGCCGTACGGCGTAA	NC0165
sg77358	AAACGCGTCGCCCGGATTTA	NC0166
sg77359	CGCGGACGATAATTCGCGAC	NC0167
sg77360	TCGGTTATAACGAACCGGCA	NC0168
sg77361	GCGACGGCGCATAAGTTCGA	NC0169
sg77362	ACCGGATCGATCGGGTCGTA	NC0170
sg77363	AATCGTCGATAACGTCGGCC	NC0171
sg77364	ACCACTACGCGCGCGATTGA	NC0172
sg77365	ATACTACGCGACTACGCGTA	NC0173
sg77366	GGCCGGTTATCGCGTGACGA	NC0174
sg77367	CAAATCGTGCGGGTACGTCG	NC0175
sg77368	AACGACGCCGCAATTACGCC	NC0176
sg77369	GATCGCGATTCGCGCGTTGA	NC0177
sg77370	ACTCTGACGGTACGAATCGG	NC0178
sg77371	ATTGAGCGTCGACCGATCCG	NC0179
sg77372	CGGACTATCCGCGCGAATTA	NC0180
sg77373	CATAAGCGGATTGCCGCGAC	NC0181
sg77374	CCATAACGTACCGATCGAGG	NC0182
sg77375	CGGCGGACAATATACGCCCG	NC0183
sg77376	GACCACCGATCGTTTACGCC	NC0184
sg77377	ATTCGCAATACGTCGCCCGA	NC0185
sg77378	AATATACGCGCGAACGTCGG	NC0186
sg77379	ATAACGTCGTACGCCGATGC	NC0187
sg77380	AGTATTCGCGCGCGGTAATA	NC0188
sg77381	ACCGGTACATCGATCGAACC	NC0189
sg77382	TACGATCGTCGCTGCGTATA	NC0190
sg77383	CGTACCCGATATAGACCGTC	NC0191
sg77384	ATGATAATCGGGCGACGTCG	NC0192
sg77385	CGTATCATCGGCGTACGATC	NC0193
sg77386	GTAGAGCGTCGTCGTCGATA	NC0194
sg77387	ATACGTGTCCGATCGCGCAA	NC0195
sg77388	CAACATACGTCGCGTCGTAG	NC0196
sg77389	CGCCGCACGAATCGTTCGGA	NC0197
sg77390	CGAGTCGCGATATGCAATCG	NC0198
sg77391	ACCGACGTCGACTCGCTATA	NC0199
sg77392	CGATCACTAATTCGGCCGCG	NC0200
sg77393	CCGTAGCGCGTAGCGTTATA	NC0201
sg77394	ATGACGCATACGATCGATCG	NC0202
sg77395	ATCGGGCGCGTATACGGTCC	NC0203
sg77396	ATAAGGATCGACCCGTCGCG	NC0204
sg77397	ATCGTTAGTCCGCCGATGTA	NC0205
sg77398	ATAGTATCCCGCGCGTATTA	NC0206
sg77399	ACTAGACGCGCGCTCGTCTA	NC0207
sg77400	CGTTTAACCGGTCCGGCGGA	NC0208
sg77401	CGGTAAGCGTCGATATGCGA	NC0209
sg77402	ACCGCTACACCGGTCGTAGG	NC0210
sg77403	ACGCCGGACTATTCGTTCGA	NC0211
sg77404	ATTACCCGCGCGCTTATACG	NC0212
sg77405	GCGCTAACGTCGATCTTCGA	NC0213
sg77406	GAACGTATTCGCGTCGAGAC	NC0214
sg77407	CGAACGATCGCACTATAGCG	NC0215
sg77408	CGCGCGTAACGTACGTCGGC	NC0216
sg77409	CTCGCGCATATCGCGATCAA	NC0217
sg77410	AATGCGCTATCGTCGCGACG	NC0218
sg77411	GACGGGTTAGTCGACGACGC	NC0219
sg77412	TACGATACGTTTACGCGTGA	NC0220
sg77413	CGCCGATAACTCCGGCGATA	NC0221
sg77414	ACGATCGCGTCGATACTATA	NC0222
sg77415	TCGAGATCCGCGCGATATAA	NC0223
sg77416	CCGGTCGTAACGTACGGTCG	NC0224
sg77417	ATCGTTGAGTTACGACGCGC	NC0225
sg77418	ACGTTCGCGGCTATCGGATA	NC0226
sg77419	ACGCGGCGTACGGACGATAG	NC0227
sg77420	CGAGTATTGGTCGACGCGAC	NC0228
sg77421	CGACGTTCGACATATCGATC	NC0229
sg77422	TAAGTCGCCGCACGAACGAA	NC0230
sg77423	CGCTACATACCGTCGAAGCG	NC0231
sg77424	ACGATTACCTCGTTCGCCGT	NC0232
sg77425	TAGCGGGACCAATCGCGCAA	NC0233
sg77426	CAGTCGGATCGCGATTGCGC	NC0234
sg77427	CGGCGAGCGATAATCGCGTA	NC0235
sg77428	ATTGCGACGATGCGACGGTA	NC0236
sg77429	ATATCGCGCGCTACCGTTGA	NC0237
sg77430	ATCGTCGAAATATCGCGACG	NC0238
sg77431	CGTCGCGTTAGTTCGACGCA	NC0239
sg77432	AGTCGAGCGCCGTTCGAACT	NC0240
sg77433	CTTGCGCCCGTCGACAATAC	NC0241
sg77434	CGTCGACCGGTACGAATGAC	NC0242
sg77435	ACGCCTCGCGATCGTCTATA	NC0243
sg77436	ACGGACGGGTCGTAGTCGCG	NC0244
sg77437	AGGCCTTAACGCGACTAACG	NC0245
sg77438	ATACCGCGACCGCAACGTTA	NC0246
sg77439	ACAATCGGGATACGCGATAA	NC0247
sg77440	AACGATACGTCTCGCGCGGA	NC0248
sg77441	CGCGCATCTATCGGAATCGA	NC0249
sg77442	CGATGAACGAAGCGCGGCTA	NC0250
sg77443	ACCGTTATACGCCGCGTAAA	NC0251
sg77444	GATACGATCGGTTCGATCTA	NC0252
sg77445	TATAAATCGCGGACGTCGAA	NC0253
sg77446	GTCTACCGTACGACGGTATA	NC0254
sg77447	GATTCCCTCGCTACGACGTA	NC0255
sg77448	CGCGTAATCCGAATCGTATA	NC0256
sg77449	CGTACGGCCTATACCGTACG	NC0257
sg77450	ATTCGACGTGCGCGATCTAA	NC0258
sg77451	GGTAAGATCGGCCGACGATA	NC0259
sg77452	ATACGTATCGCTCGAAACGA	NC0260
sg77453	ACCGTAGTACTACCGTCGAT	NC0261
sg77454	ATACGTCGAAATCGACGCGA	NC0262
sg77455	ACCTCCCGCGAATCGATCGA	NC0263
sg77456	AAGCGTAGTCCCGCCGGATA	NC0264
sg77457	TACGTAATGAGTCGCCGTAA	NC0265
sg77458	TCGATTTACGTAACGCGCGA	NC0266
sg77459	CGTCGAATCGCGAGATAGTA	NC0267
sg77460	CGTCCGATTGGTCGTATCGC	NC0268
sg77461	AACGGCTCCGTTCGACGTAC	NC0269
sg77462	GGGTCGGATTATCGTCGGAA	NC0270
sg77463	ACGTTATCTCGCGAGTATCG	NC0271
sg77464	CGGTCCGTATACAACGACCG	NC0272
sg77465	ACGCGCTCGGTCCGAACATA	NC0273
sg77466	CGGTGTAGGGCGCACGTATA	NC0274
sg77467	ACTATATCGCGACGCGATCT	NC0275
sg77468	ATTAAACCGTTCGGCGACCG	NC0276
sg77469	CCATATTCGCGAACGATACG	NC0277
sg77470	GGATCGACGATCGCCGCGTA	NC0278
sg77471	CTCGCCGAACGACCGATTAC	NC0279
sg77472	CTATAACGTCGATACGGCGA	NC0280
sg77473	GACCGGTCGTATAATCGTAA	NC0281
sg77474	CCCTCGGCGCGATATCGTAA	NC0282
sg77475	TAATCGCGGTACGATACGAA	NC0283
sg77476	CGAAACCCGGTCGATTACGC	NC0284
sg77477	TATATCGACCGGGTCGACAA	NC0285
sg77478	AGTACTAATCCGCGCGTACG	NC0286
sg77479	ATAGCGTCTGTATCGCGACC	NC0287
sg77480	AACCGTACCGACGATAAACG	NC0288
sg77481	GCGTTATAAGATCGCCGCGA	NC0289
sg77482	CTATGCAACGATACGCCCGA	NC0290
sg77483	AACTATACGCGATACGTCGA	NC0291
sg77484	ATCGCTCGACGCTTAATCGG	NC0292
sg77485	CGGTCTCGATACTCGGTCGA	NC0293
sg77486	CGTACGGGAATCGCGCGAAA	NC0294
sg77487	TTACGATCGGTCGTCGGCAA	NC0295
sg77488	CGAAGTACCGGCGACCGGTA	NC0296
sg77489	ACGAACCGGCGTATAGCGTA	NC0297
sg77490	GCGATAGCGACGCGATCGAA	NC0298
sg77491	ACGACGATTTACGTCTATCG	NC0299
sg77492	ACCGACGCGTCGAGATTAGT	NC0300
sg77493	CGATGCGCGTCGGCGAAAGA	NC0301
sg77494	CGTCGCGTAGTACGACTAGA	NC0302
sg77495	GGCGGGTAATCGCGCTACTA	NC0303
sg77496	CGCGTACGCGAATAATGCGC	NC0304
sg77497	CGTAGTTCGTCGACTACGAA	NC0305
sg77498	CGGTATACGACGAAGTTCGC	NC0306
sg77499	ACGTTAATCGCGCGACTTTG	NC0307
sg77500	CAATCGCGTCTAGTACGCCG	NC0308
sg77501	AGGTCGATTCGTAGTTCGCG	NC0309
sg77502	ATTCGTTAGTTACGCGCGCG	NC0310
sg77503	GCGTTATCTCGCGCCCGATA	NC0311
sg77504	CGTCGCGCGAAATCGACGTC	NC0312
sg77505	ACTATATACGCGTACCGGAC	NC0313
sg77506	ACGAGTACGGGCTATCGTAT	NC0314
sg77507	CGCCTCGTCGCGATTAGTTA	NC0315
sg77508	GACTAATAGACGCGCTTCGA	NC0316
sg77509	ATCCGACCTATCGCGCGACC	NC0317
sg77510	ATTCGTCGTGCCGACCCGTC	NC0318
sg77511	GACGGCGTCCGTCGTATCGC	NC0319
sg77512	AGTGGCGAACGCCGTCGAAC	NC0320
sg77513	TCGACGCGTATGATCGACGA	NC0321
sg77514	CGAACGTTACCGCGTTACTC	NC0322
sg77515	AATCCGATCGCGTATCGAGA	NC0323
sg77516	ATTCGCCCGACTATATGTCG	NC0324
sg77517	CGTAACTACCGACGTGCGTA	NC0325
sg77518	CGATGTCCGAACCCGATCTA	NC0326
sg77519	TTACGATCGAGGCGCGTCAA	NC0327
sg77520	CACTAGTGTAACGCGCGTAG	NC0328
sg77521	GAACGCGCGACGTATAGTCA	NC0329
sg77522	ACACTATACGCGTACCGTCC	NC0330
sg77523	GTTATGGCGCGGACTACGAA	NC0331
sg77524	ACGGATTCTTAGCGCGCGTA	NC0332
sg77525	AGTTCGGCGCGCACGATATC	NC0333
sg77526	CGCGTTTATAGCGCGTAGTA	NC0334
sg77527	CGGATAGTCGAATGACGCGA	NC0335
sg77528	TCCGGCGTCGAGATCGCGAA	NC0336
sg77529	CGCGTCTCGTCTAACGACAA	NC0337
sg77530	AACGCGGTACGTGCCCGTTA	NC0338
sg77531	AACGCGTTCGCGTACTATAT	NC0339
sg77532	CGCGACTCACGCGTATCGAA	NC0340
sg77533	AACCGTTCGATACGTCGAAG	NC0341
sg77534	ATACGACTCGGTTTCGTCGA	NC0342
sg77535	AGCTAGTACGTACCGGCGTA	NC0343
sg77536	ATAATTCGTCGTCCGCGATG	NC0344
sg77537	CCGTATACGACGTCGTCCTA	NC0345
sg77538	CGGGAACGATACGACGAACG	NC0346
sg77539	ACCGGTCTTATCGAGCCGGA	NC0347
sg77540	ACCGCTACGTATAGCCCGAC	NC0348
sg77541	CGACGCACGCGTAAATTCTA	NC0349
sg77542	CGCACGATACTCGTATCGCG	NC0350
sg77543	TAGCGCTTACGCGACGGATA	NC0351
sg77544	ATTAGCCTCGCTCGTCGAAT	NC0352
sg77545	GCGTGTGGTATCGTCGCGAA	NC0353
sg77546	AATGCTTCGTGTCGCGCGAT	NC0354
sg77547	ATCGCTCGATATCACGTTCG	NC0355
sg77548	CCATACGTCGAAATACGCGC	NC0356
sg77549	AGACTACGCGTCGATATTCG	NC0357
sg77550	CGATCATCGCCCGATTACGA	NC0358
sg77551	AGCGATCGTTCGTCGGATCG	NC0359
sg77552	AATCACCGCTCGATTCGACG	NC0360
sg77553	CGGAGGATATGATCGCGCGA	NC0361
sg77554	ATCCGTACGATATAGGACCG	NC0362
sg77555	AATCGTAAACGCGCAACGGT	NC0363
sg77556	ATGTTCGTCAAACGTCGCGC	NC0364
sg77557	CGTAATCGTTCGTCGGCGAG	NC0365
sg77558	CGTATCTACGTGCGGCGTAA	NC0366
sg77559	ATTCGAGCCGTCGAACCTCG	NC0367
sg77560	CGATCGCCGGTTGTATCGAC	NC0368
sg77561	CGTCGGTACGATTGCGCGTA	NC0369
sg77562	ATGACCGCGTCGTATCGGTA	NC0370
sg77563	CCGTTAGTCGCGACCGAACA	NC0371
sg77564	ACGTCAAACGATCGTTCCGA	NC0372
sg77565	TCGATATCCGTTCGGATCGA	NC0373
sg77566	CGATACCCGTCGATGAATTA	NC0374
sg77567	CGTCTAAACCCGGCGAATAG	NC0375
sg77568	ACTAGTATTCGCGCGAATCG	NC0376
sg77569	AACGTATTTGGCGCGCGAAA	NC0377
sg77570	ACGCTCGTCGACCGTCGGTA	NC0378
sg77571	ATTATCGGACGCGCGAGTTA	NC0379
sg77572	GGCGCGTCAAATCGATCGAA	NC0380
sg77573	ACGCCTAGATATCCGCGAAT	NC0381
sg77574	ATTCGGCGCGTCGACCCAAT	NC0382
sg77575	ACTCACGATATTTCGGCGCG	NC0383
sg77576	ACGATTGGAGCGCGTATACG	NC0384
sg77577	GGACGTCGTATCGCCGATCA	NC0385
sg77578	ACCGTACCGTCGGACATATC	NC0386
sg77579	GGGTCGTTCGTCGCGCATGA	NC0387
sg77580	CGCGAACAAGTTGTCGACCG	NC0388
sg77581	CAAGTTCGGACCGACGTATC	NC0389
sg77582	AATATATCGCGCGAGCTACG	NC0390
sg77583	ATGACGCGTATCGACACTAC	NC0391
sg77584	CGGCGGACGAACGATATAAC	NC0392
sg77585	CGCTACCGTCACGCGTATCA	NC0393
sg77586	ACGGCGTGATACGCTCGTCG	NC0394
sg77587	GATATCGCCATACGACCCGA	NC0395
sg77588	TATCAACCGGACCGGATCGA	NC0396
sg77589	TCGGCCGCTAGGTTCGTTAA	NC0397
sg77590	CGATTAACGCCGGTATTCTA	NC0398
sg77591	CGATATCGACTCGTGCGACA	NC0399
sg77592	CCCATACGGACCGATCGCCG	NC0400
sg77593	ACGAACTTATCGTGTCGCCG	NC0401
sg77594	GCGCGTAGGACGCGATACAA	NC0402
sg77595	ATACGTTGCGCGAACAACGC	NC0403
sg77596	CGTCCGGTTGGCGAATACTC	NC0404
sg77597	TACGTTAGACCGTGCGCGAA	NC0405
sg77598	ATCGCGTGATACGTTCGATG	NC0406
sg77599	GCGACCCGCGTACGATAGGA	NC0407
sg77600	CCCGTTACGTTGACCGCGAA	NC0408
sg77601	CAAATCGCGGGTCCAACGTA	NC0409
sg77602	GCATCCCGATCGATACCGCC	NC0410
sg77603	ACCGTACCGAACGCGATTGG	NC0411
sg77604	ACGGCGTACTCAACCGTCGA	NC0412
sg77605	CATACGATCGGCCGTCGTAA	NC0413
sg77606	GACCCGCGTATCGTTATAGC	NC0414
sg77607	GAGCGTTAACTATCGCCGAA	NC0415
sg77608	GACGGGTGGAATCGTTCGAC	NC0416
sg77609	AGAACGTCTCGCGTACGTCG	NC0417
sg77610	TCGCGCCGCTTAGTCGTTAA	NC0418
sg77611	AGACGCGATATGTTCGCTCG	NC0419
sg77612	ACGCACTATCGGGTTTCGCG	NC0420
sg77613	ACTATATCCGCACGACTCGC	NC0421
sg77614	ATCCGGTATCGATCGCCGAC	NC0422
sg77615	CGACGTATATACGCCCATCG	NC0423
sg77616	GTACTACGAGCGCCGATGAC	NC0424
sg77617	GCGATCATGCACGATACGAA	NC0425
sg77618	CGTTAATCGACGCCTATCGC	NC0426
sg77619	GATATCTCGTAATAACGCGC	NC0427
sg77620	GATAATCACGCGGTCGACGA	NC0428
sg77621	GCCCGCGATTGACTCGACGA	NC0429
sg77622	CCGTCGACGACCGGACTTAG	NC0430
sg77623	GCTCGCACGATACCTCGATA	NC0431
sg77624	CGCGTAAACCGATTCGATAG	NC0432
sg77625	ACCGAGCCGTCATATCCGAC	NC0433
sg77626	GCGCTTACGTAGCGTAGTAA	NC0434
sg77627	GATCGATTCCCGCGTTACGC	NC0435
sg77628	CCGATCGCGAAACGCTATAC	NC0436
sg77629	CGCTAGCCGCGCAACGGTAA	NC0437
sg77630	AACCGCGAGCGCGGCATATA	NC0438
sg77631	ACTCGGACGGTACGCGACTC	NC0439
sg77632	CGAATCTAGACCGACCGTCG	NC0440
sg77633	CGATACGCGAAGCGACAAAC	NC0441
sg77634	CGTATAGCGGTACGAATACG	NC0442
sg77635	CCTAGAGTACGACCGATCGA	NC0443
sg77636	AAGGGCCAATCGCCGTAACG	NC0444
sg77637	GATCGCGCGAGTATGCGACC	NC0445
sg77638	ACGCGTAACGCTTATGCTCG	NC0446
sg77639	CGTCGTTCGGCTACGGTTTA	NC0447
sg77640	CGTCTAGACGTTTACCCGGC	NC0448
sg77641	CGCGACCGGCGTACGTTACC	NC0449
sg77642	AATAACGATAGCGCGACCCG	NC0450
sg77643	AATCCGCTATTACGGGTCGT	NC0451
sg77644	TCCGCCGGACAATTACGCGA	NC0452
sg77645	CTACGTCATATAGCGCGCGA	NC0453
sg77646	GCATCGGACGCGGATTGAAA	NC0454
sg77647	AACGACGTATACGCGGCCTA	NC0455
sg77648	CGATAGCTAACCGCGACGGA	NC0456
sg77649	AATAGGCGACGCGACGCTAA	NC0457
sg77650	ATCGCGTATACGATCTTACG	NC0458
sg77651	GTAGGATCATCGACCGCCGA	NC0459
sg77652	ATCGCCGAGTATCGCGTAAG	NC0460
sg77653	GATTTACGATCGCGCTAACC	NC0461
sg77654	ACGCGGATGTATCGCCGATA	NC0462
sg77655	TCGACGCTAACGTAACGGCA	NC0463
sg77656	CGATAATTTGCGGCGGCGTA	NC0464
sg77657	CAACCGTCGACACGGTCGAC	NC0465
sg77658	AATCCGCCGGTATCATCGCG	NC0466
sg77659	CGAACGTTCGCGCTACGAGC	NC0467
sg77660	CTATATTCGCTCGACGTCGA	NC0468
sg77661	ATAACGCGCGGACTAGCGGC	NC0469
sg77662	CGACCGCGTACGAAGGTTAC	NC0470
sg77663	CCGCGATAGACGACGCTTTA	NC0471
sg77664	ATCGCGTCATCGCATACCCG	NC0472
sg77665	ATCGTCGCGCTATCGTGGCA	NC0473
sg77666	AGCGCATAGTATCCGGTCGC	NC0474
sg77667	CACGCGACAATCGTTACCGC	NC0475
sg77668	CGAACGGGTCGACTCTATAG	NC0476
sg77669	ACGACCGTCATATCAGTACG	NC0477
sg77670	GCGCGGTCGTATATAGTACC	NC0478
sg77671	TCGGTAGTACGACGCACCAA	NC0479
sg77672	ATACGCCGGGCATTACGTAG	NC0480
sg77673	ATCGTACCTCGTGTAACCCG	NC0481
sg77674	CACGTAATACAACGCGACGA	NC0482
sg77675	CGTATTACGCGATTCGGAAG	NC0483
sg77676	CGCGTCGCGACGTCTGTTAA	NC0484
sg77677	ACTCGTACGTGCCCGATACG	NC0485
sg77678	ACCGTCGACAATCTTTCGCG	NC0486
sg77679	GATAATCGAATGCGACGCGC	NC0487
sg77680	CCGTTACGCAAGACGACCTA	NC0488
sg77681	ACGCGCGAGTACGTCATTCG	NC0489
sg77682	AAATTACTAGCGGCGCGTAG	NC0490
sg77683	ACGATAAGGCGATCGGCCTA	NC0491
sg77684	CTACGATAGTACGGCGAACC	NC0492
sg77685	TACGCGTCTCGGACCGGCTA	NC0493
sg77686	AGCCGGTCCGAGTATCGTAA	NC0494
sg77687	ACGACGGATTATTCGCGGCG	NC0495
sg77688	GTGCGGCGAGTCGTATACTA	NC0496
sg77689	ACGTTAGGTCGACGCCTCGC	NC0497
sg77690	AATATACGCGGACTCGCGTG	NC0498
sg77691	ACCGCGCGAAGATATATCGC	NC0499
sg77692	CGCTATTGTACGGCGCATAC	NC0500
sg77693	TTAGTCGGGCGAATCCGGAA	NC0501
sg77694	AAACGCGCGGATCGATAGGC	NC0502
sg77695	CGTCTGGTCGATACGCGCAG	NC0503
sg77696	GCACGAAGTATCGACGCTAA	NC0504
sg77697	CGTATAACTCCGGTACGAGC	NC0505
sg77698	ACCGATTAACTAGCGTCGGA	NC0506
sg77699	ATGTCGAGACGTATAACCCG	NC0507
sg77700	TACCGCGTTAAGGCGGCGAA	NC0508
sg77701	GCGCGACGCAATAATACGGA	NC0509
sg77702	ATCGGTCGCGCGATTAAACA	NC0510
sg77703	CGTACCTATCGCGTCGCTAA	NC0511
sg77704	CGGATCGACCGGTTCGTATC	NC0512
sg77705	ACGGGTCGTAAGCGCGCATA	NC0513
sg77706	ACGTATCGTTAGCGCGACGC	NC0514
sg77707	CGTCATACCGACGGACCTTA	NC0515
sg77708	ACGCCTAATATCGAGTCGCA	NC0516
sg77709	ACTCGTCGCGCCCTTATACA	NC0517
sg77710	CGGACGTAAGCGTTACGAAC	NC0518
sg77711	GATTACGTTCGCGGCTAGTA	NC0519
sg77712	ATTGGCGTAGAACCGAACCG	NC0520
sg77713	CTTGCGGCGATACGAATAGC	NC0521
sg77714	CATAAGTCGCGTCGTTGAAC	NC0522
sg77715	CGCCCGGCGTATTTAACGCG	NC0523
sg77716	CGCGACGTACTCGTACCAAG	NC0524
sg77717	ACGTCTATGCGTACGGTCGG	NC0525
sg77718	AAGGCCGGTCGTTACGTCGA	NC0526
sg77719	CGTACCCGTTAGTCGTATAC	NC0527
sg77720	AGTCGTCGAACGGTTCGATA	NC0528
sg77721	AGCGGTCGAATACGCGATCG	NC0529
sg77722	CGCGTCGAACGACGTTGGTC	NC0530
sg77723	ACGATCGGCGCCCTATTAGT	NC0531
sg77724	TCGACGTTTGCGCGGCACAA	NC0532
sg77725	GCGCGTCGTAGTCGACTCGA	NC0533
sg77726	ACCGATACTAGCGTTAACGG	NC0534
sg77727	GTCGCGTTTACGGTCCAAAC	NC0535
sg77728	ATTGACGCGCATCGCGTCCA	NC0536
sg77729	ACCGTCGTTCGACCGTATAG	NC0537
sg77730	CCCGCTGCGTCGAATAACCG	NC0538
sg77731	AAAGTTCGCCGTAATACCGC	NC0539
sg77732	TATACCGCCGCTAGTACGCA	NC0540
sg77733	AGTTAGATCGGCGCGCTTAG	NC0541
sg77734	ATTATCGCGACGAACGTTTG	NC0542
sg77735	AGGTACGTAACGACGTCGCC	NC0543
sg77736	GAATCGATACCGCGGTACGA	NC0544
sg77737	CGCTAGAATACCGTCGACCG	NC0545
sg77738	CTATATACGGCCCTACCGGC	NC0546
sg77739	CCCGCTACCGTACGAACGTC	NC0547
sg77740	ACCCGTACCGTTATGTACGT	NC0548
sg77741	TAGGCCGCGCGAAATAATGA	NC0549
sg77742	ACAACGGTTACGTGCCGCGA	NC0550
sg77743	CGTCGACGCGATGAATTAAC	NC0551
sg77744	ATTCGATCGCGTCGTCGGCG	NC0552
sg77745	ATCATGAGTCGCGCTCCGAC	NC0553
sg77746	TAGATGCGCGACGGCGTATA	NC0554
sg77747	AACCGTCCGATCGGGCGATT	NC0555
sg77748	CCGGTGTACGCGACGACAAC	NC0556
sg77749	CGTATACGCGCGCTAGTACC	NC0557
sg77750	CATCGTAATCGATTGACCGC	NC0558
sg77751	GGCTACGGCGCTTCACGATA	NC0559
sg77752	ACTACGATAGGGCGCGTATG	NC0560
sg77753	CAACGTTCGTAGGGTACCGC	NC0561
sg77754	ACCTCGCGTATTTAACCGTC	NC0562
sg77755	GACCTACGATTCGCGCATAC	NC0563
sg77756	CGATGTCGCGCTATTACCGC	NC0564
sg77757	ACCGGATATTCCGACCGTAC	NC0565
sg77758	CGTATCCCGTGCTACGTCGA	NC0566
sg77759	AATTTCGGTCGTCGCGCACT	NC0567
sg77760	CCGGTTAGATCGATACGCGA	NC0568
sg77761	CGCGGAGTAACGAACGGCGA	NC0569
sg77762	CGTATATTGCGCTCAATCGC	NC0570
sg77763	ACGCGATATGCGCGTGAACG	NC0571
sg77764	TACGCTGTGCGTCGTTCGAA	NC0572
sg77765	CCGCGCCCGACGATATACGA	NC0573
sg77766	AATCGCCGCGAATTCGTCAC	NC0574
sg77767	CGATAACTCGCGATCTCTAA	NC0575
sg77768	ACGAGCGCGTTAGCGCTAAA	NC0576
sg77769	GCGGGCGATATAGTGCGTCA	NC0577
sg77770	CGATACGTCGTCGACTAACG	NC0578
sg77771	CTAGCGGTTATCGTTCGGAC	NC0579
sg77772	ATGCCGTTTATTCGGGCGCG	NC0580
sg77773	AATCGCGACGACGTACGGGT	NC0581
sg77774	ATCATCGCCGCCGAACCGTA	NC0582
sg77775	AAGTACCGACGCGCCGTAAA	NC0583
sg77776	CGTACGGATCCCGCCTATAA	NC0584
sg77777	CGGGCTATAACTTACGTCGA	NC0585
sg77778	ATCCGGATAGTCGTATCCGA	NC0586
sg77779	AGCGCGCGTCGTAGCTATAC	NC0587
sg77780	ACGTGCGTTTATGTCGACGA	NC0588
sg77781	CCCGTTCGCGTAGAGATCCG	NC0589
sg77782	CAATCGGATCGGGTACATCG	NC0590
sg77783	GATGTTTAACGACGAGTCGC	NC0591
sg77784	CGACCGGTGTGCGGCTATAC	NC0592
sg77785	CGGCATGTCGTAACGCCTCA	NC0593
sg77786	CCGCCGTAAGATCGATCGTC	NC0594
sg77787	AGTACGCGCGCGAATTAATA	NC0595
sg77788	ACAACGGTGCGTATCGACGG	NC0596
sg77789	CGATCTCTTGCGACGAAACG	NC0597
sg77790	ACGTATCGGCGCAACCTCGA	NC0598
sg77791	CGATACGTTCGGCGCTATCC	NC0599
sg77792	AGCGCGGCTTACGAGAATCG	NC0600
sg77793	CGCGCTTGAATTAGACGTAC	NC0601
sg77794	CGCGAGATTATTTCCGCGAC	NC0602
sg77795	CGTTACCGTAAGTCGGACCC	NC0603
sg77796	CGTATAACGCTCGCGGTTTA	NC0604
sg77797	AATCGCGCGGTTATCGTATA	NC0605
sg77798	CGCGCGTAGTTACTCGCTAA	NC0606
sg77799	ATTCGCCGCCCGAAATATCC	NC0607
sg77800	CGTATCGTTGCCGACGTATA	NC0608
sg77801	AATCGGGCGCGTCGATGAAC	NC0609
sg77802	CGCAATCGACGTGACTTACG	NC0610
sg77803	TACGCTATATAGCCGCCGCA	NC0611
sg77804	ACGATCCGCTTACGCGTATG	NC0612
sg77805	AACTAACGTTGCGGATCGCG	NC0613
sg77806	CGCGAAACCCGTGATACGTC	NC0614
sg77807	GGTCGTTACGCGGCCGACTA	NC0615
sg77808	ATATTCGTACGCGGCGCAAT	NC0616
sg77809	ACGCGTCAGCGATATGGTCG	NC0617
sg77810	AACCGTCATACGGCGTTACT	NC0618
sg77811	ATTACGCTATATACGGACGG	NC0619
sg77812	AGGTCGGTAATCGTACGTCG	NC0620
sg77813	TACGCTCGAACGCGGGATAA	NC0621
sg77814	CTACGTCCCTCGATCGGTTA	NC0622
sg77815	GCGGGATATCATCGCGTCAA	NC0623
sg77816	CGGCCGAGCTTATAACGATC	NC0624
sg77817	CGAACGCGAATAATCGAAGC	NC0625
sg77818	GTATTAACGCGCGCGCACTA	NC0626
sg77819	CGCTAATTCGTGCGCCGATA	NC0627
sg77820	ACGATTGGGCCTTCGTATCG	NC0628
sg77821	CTAGGGCGCATCGGCGATAC	NC0629
sg77822	CCGCGGTCGAGATCGATCGA	NC0630
sg77823	TCGCGGCGATCGAAGTCTAA	NC0631
sg77824	CGTTGACGCAATCGTAGCGA	NC0632
sg77825	CGTAACCGACCCGTGATTAA	NC0633
sg77826	ATATACGTCCGACGTACGGC	NC0634
sg77827	CGTCGTCGTAACCGCGGATA	NC0635
sg77828	AACGGTTGCGCGTCGAGGAC	NC0636
sg77829	AACGATAACTCGTCGCCGCT	NC0637
sg77830	TACGACCGAATGCGCCTCGA	NC0638
sg77831	AACTTCTCGCGTATAGATCG	NC0639
sg77832	ACTACGATCGACGCACGAAT	NC0640
sg77833	ACGGCGCGTGACGAATCGAC	NC0641
sg77834	AGGTCTCGAACATTTCGCGC	NC0642
sg77835	TCGGAATTATTGACGTCGCA	NC0643
sg77836	CGTCGATAGGTCTCGCGACG	NC0644
sg77837	CGTACGACGAACGCATATAG	NC0645
sg77838	CGTCGCGTAGTACGTAACGA	NC0646
sg77839	ATCGCCCGGCCAATTCGATC	NC0647
sg77840	CGTACCGTTCTAACTTCGAC	NC0648
sg77841	GAACGACGCCGTTAAACGTA	NC0649
sg77842	TACCGCGAGACGACGTGTAA	NC0650
sg77843	TAGTGGCGCGTCCCAATCGA	NC0651
sg77844	CGCGTACGCTACTTGCGTGA	NC0652
sg77845	AACCGTACGCGTATCGGCCG	NC0653
sg77846	ATCGATAGGCGATCTACGCG	NC0654
sg77847	AATATTCGACGCCGTAACGA	NC0655
sg77848	TGCGCGATTGTCCGCGACAA	NC0656
sg77849	AGGATTACGCCGTAAGTACG	NC0657
sg77850	ATTTCGATTCGACGCGACCA	NC0658
sg77851	GCACGATATGGTCCGTCGTA	NC0659
sg77852	ACGATAGTCCGAAGGCGCGT	NC0660
sg77853	CGCGGTCGGCTATACGTAAG	NC0661
sg77854	GCGACCGATCCTCGATAGTA	NC0662
sg77855	ACGCCTTAGCACGTATGCGC	NC0663
sg77856	AACTATCGTCGTCGCGTACC	NC0664
sg77857	ATAATCGACCGCGCACTACG	NC0665
sg77858	CGATCGCTATAGGACGGACG	NC0666
sg77859	CGGTCGCCCTTCGACGATAC	NC0667
sg77860	CGACCGGTACGCAATACATC	NC0668
sg77861	GCGCGATAACCGCGGTAAGC	NC0669
sg77862	AACGTAGCCATTGCGCGACG	NC0670
sg77863	CGATCCGGGATACGCCGAAA	NC0671
sg77864	GAACGCGCCTATTCGCGTTA	NC0672
sg77865	GTCGCGCTGTAAGTTGCGTA	NC0673
sg77866	CGTCGCGTAGGTATAACCGC	NC0674
sg77867	TAGTCGGCGCGGATAATATA	NC0675
sg77868	ACGAACGGTGATCGTTACGC	NC0676
sg77869	ATTCGCTTGCGCATACGCGA	NC0677
sg77870	AGCGCTCCGACGTAAACGAT	NC0678
sg77871	AATCGGCGCGCGATAACGCA	NC0679
sg77872	CATCGTCGCACAATTAGGCG	NC0680
sg77873	CGGGATACGCGGCTATATTA	NC0681
sg77874	ATATACGGCGGTACGTCGGC	NC0682
sg77875	AACGCACGGCGCGTATATAT	NC0683
sg77876	CGATACCGCGCCGACGCATA	NC0684
sg77877	ATAGCGTCGGCGATTCGCTA	NC0685
sg77878	ATCGCGCGCGGGTACTATCA	NC0686
sg77879	AAATCGCGATCGAGCGAAGC	NC0687
sg77880	ACGATATGCGACGAATACCG	NC0688
sg77881	CGACAAGAGCGATCGTTACG	NC0689
sg77882	GGACGCGTCGCGAAAGTTGA	NC0690
sg77883	GACTGTCGCGCCCGACCTAA	NC0691
sg77884	ATCACGCGCGAGATTCGATA	NC0692
sg77885	GATTCAACGAGTCGCGCGAC	NC0693
sg77886	CGAGCCGAACTATTAGCGAG	NC0694
sg77887	GATCACGAGTTAACGCGCAA	NC0695
sg77888	GTCGTATCGCCATACCGACA	NC0696
sg77889	GCGCAAGCGGTACGCGTAAA	NC0697
sg77890	CGTCGACTAAGATTACTCGC	NC0698
sg77891	AGGTACGAATTCGACGATAA	NC0699
sg77892	GCGAATCGTCGGGTATAAAC	NC0700
sg77893	GCGAGTTATGCGTCGCGTAC	NC0701
sg77894	GATCGCATAGTCCGTACCGA	NC0702
sg77895	CTCGCCGAACGGTATAAGTC	NC0703
sg77896	ACGGTAGCGAGGTTCGTCGA	NC0704
sg77897	CGCGCGGGTATCGATGGTAC	NC0705
sg77898	CGTCCGTAGCGATATCGGTA	NC0706
sg77899	TACGCGTCTACGGTGTCGAA	NC0707
sg77900	GTCCGAAGGACGCGTACGTA	NC0708
sg77901	AATGTCGCGCCGTAGTGCTA	NC0709
sg77902	CGTTACGTCGCGACGCTAGA	NC0710
sg77903	CGTAACCTCGTCCGGTATAG	NC0711
sg77904	CGCGGTTTAAGCTCGCTAAG	NC0712
sg77905	CTACCGTTACGTCGTACGGC	NC0713
sg77906	CGAAGCGAACCTATTATGCG	NC0714
sg77907	AACGCGCGCGATACATCTAT	NC0715
sg77908	ACCGATATCGTTAGCTCGCG	NC0716
sg77909	CGTATCGCGGCGTCAAATGA	NC0717
sg77910	ATTATCGTGCGCGCGAGAAA	NC0718
sg77911	CGACTACGATACGACCTCGA	NC0719
sg77912	AGTATCGTATCGCGAACGCC	NC0720
sg77913	CGTATGCGTAACTCGGCGTA	NC0721
sg77914	ACCTATCGACCGCGCTTAGC	NC0722
sg77915	ATCGACGCACGAAATATTCG	NC0723
sg77916	GTTATTTCGCGCGGACCGAA	NC0724
sg77917	CGTATTGACGATAAACGCGA	NC0725
sg77918	ATTATACGGACGCTACGGTC	NC0726
sg77919	ACGCGGCTACACTAATCGAT	NC0727
sg77920	TACGGTCCGCTCAATACGTA	NC0728
sg77921	CGCGGCCGCTAGGTCGACTA	NC0729
sg77922	ACTTAGTTCGATCCCGCCGA	NC0730
sg77923	CCGCGCGCGTCGATTGTTTA	NC0731
sg77924	ATCGCGTCAAACGACCTACG	NC0732
sg77925	GGACTACCGTACGGGTTCGA	NC0733
sg77926	CGTCGCGGGTCCATAACGTA	NC0734
sg77927	CGTATCGTCCGGCGGGTAAG	NC0735
sg77928	CCACGCGCGAATTACATCGC	NC0736
sg77929	CCGCGCCTAATACGACGGTC	NC0737
sg77930	CCGTTTATCGACGTAGCGCG	NC0738
sg77931	TTACAACGCGGACGGTCGAA	NC0739
sg77932	GATTACCGATACGCCGCGAC	NC0740
sg77933	ATCGTTAGTCGGACCGTCGC	NC0741
sg77934	CGATTCGCTCGCGAATAGGC	NC0742
sg77935	CGATACACCGACGCGATCTA	NC0743
sg77936	ATATTACCACGACGCATCGC	NC0744
sg77937	CGTCGCGATTCGTTGCGATA	NC0745
sg77938	ATCCGCCGAACTCGCAACCG	NC0746
sg77939	ATTATACGACGACTGACGCG	NC0747
sg77940	CCGTTCGCGCGAAATTTCGA	NC0748
sg77941	AATGTCATACCGGTCGGCCG	NC0749
sg77942	TCCGACCGTACTCGTATTAA	NC0750
sg77943	ATTTACGACGACCGTCGATC	NC0751
sg77944	GACTCGCTCGATACGTATAA	NC0752
sg77945	ATTATACGCGTCGGTTGCCG	NC0753
sg77946	ACGTTCGTGTGGTCCGATCG	NC0754
sg77947	GTGCGCGTTCGTACCGGAAC	NC0755
sg77948	ACGTCGTAACGACGCGCGAA	NC0756
sg77949	CGTACATTGATTTGCGCCGA	NC0757
sg77950	ATACGACCGACCGCGTTTAC	NC0758
sg77951	ATATTACGGGACCGACCGAA	NC0759
sg77952	CATGTACAATCCGCGCCGTA	NC0760
sg77953	ACGCGTTACTCGCGCATCAA	NC0761
sg77954	AGCCGAACGACGTAATTACG	NC0762
sg77955	CGGATCCGATATACGCGCGC	NC0763
sg77956	CCGCGGTTAGACGGATATCG	NC0764
sg77957	AACCCATAGTAGTTCGCCGC	NC0765
sg77958	CCGCGTCCCGATTCGCGTAA	NC0766
sg77959	TTGATATCGCGGCGATCCAA	NC0767
sg77960	ACGTAAAGTCGACGTTACGC	NC0768
sg77961	GTAAGTCTAGCGCGCCACTA	NC0769
sg77962	TCGCGATTAGCCGTTACGAA	NC0770
sg77963	CCGTTCGAGTTAGTCGACGA	NC0771
sg77964	CGTATAGACTATCGTGCGAC	NC0772
sg77965	GACCGCTCGTCGATATAATC	NC0773
sg77966	AATCCGACCTATTCGCCGCG	NC0774
sg77967	ACCCGGCGATAAATCTCGTA	NC0775
sg77968	AGCGTTACGCGACTAGACGA	NC0776
sg77969	CGTGTCGCAAGTCCGTACGA	NC0777
sg77970	GATCGTACTTTGTCGCGACC	NC0778
sg77971	ATTATACCGTGTCGACGCGA	NC0779
sg77972	ACTAGCGTCGACTAACCGTC	NC0780
sg77973	ACGCTAAGATAAACGCGCGA	NC0781
sg77974	CCGACAATTGAACGCGTCGA	NC0782
sg77975	CGCGGTACATCAGTTCGTAC	NC0783
sg77976	AGACCGTAAATTCGCGACCG	NC0784
sg77977	ATACTACGGTACAATCGGCG	NC0785
sg77978	CATCGATACGCGACAACCGG	NC0786
sg77979	CGCGCGTATCGCCGATCTTA	NC0787
sg77980	CGCGGTCGACGTATCTAAAC	NC0788
sg77981	TATGCGCGAATCCCGCGTAA	NC0789
sg77982	CCTATACGGACCGATCCGTA	NC0790
sg77983	GGTCGGCTCGGATTACGGTA	NC0791
sg77984	GTACGGTTTCGGCTCGCGTA	NC0792
sg77985	CGCTCGCGACTCGACGCGTA	NC0793
sg77986	GTTCATACGTCGTCGACGAA	NC0794
sg77987	CGCGATCGGATCGATAAACG	NC0795
sg77988	CGGTATACGTCGTATGCGAA	NC0796
sg77989	TAGGTACCGCGCTATCGCGA	NC0797
sg77990	CGCGATTCCGTCGATCGTTC	NC0798
sg77991	CGTATTACGGCGATGCGTAC	NC0799
sg77992	ATCTTACGATACGACGCGCA	NC0800
sg77993	ACGGGTGATATAGCGTTCCG	NC0801
sg77994	CCGCCGATTTAACGTCGGAC	NC0802
sg77995	GATACGGCGCGCGCTAACAA	NC0803
sg77996	GTCGTTTCGCGCTACCACGA	NC0804
sg77997	ACGAGCGTAAGTCTTCGGCG	NC0805
sg77998	GGTATACCGCGCGTTATTGA	NC0806
sg77999	ATAGCGATCGCAATCGGCGA	NC0807
sg78000	CGTCGTATCGCGCCCGTACA	NC0808
sg78001	GCGCGTTACGACGTTATCAC	NC0809
sg78002	TAGGCGTAATCTCGCGATAA	NC0810
sg78003	ATACCGCCGGGCGTAAGTAT	NC0811
sg78004	AATTAGTCCGACGCGTATCT	NC0812
sg78005	CGATTGACGTCGATAGCCCG	NC0813
sg78006	GCGTAGGCTAGATCGCGTAA	NC0814
sg78007	TAGCGGCGTAGACGCACCTA	NC0815
sg78008	ACGATAACGGACGGTATGTC	NC0816
sg78009	AACGAGTACTCGTTCGGACG	NC0817
sg78010	ATACGTCGCGCGGAACTCTA	NC0818
sg78011	CCTACCGTCGACGTAACCCG	NC0819
sg78012	ATCGTTACGCTTCCGCGTAA	NC0820
sg78013	CGCCGATATCGTCGAATAAA	NC0821
sg78014	AAGCGTACCGACGCTTAATA	NC0822
sg78015	AACGGCGACATCGGTCGACG	NC0823
sg78016	CGTAGTTCCGCTAGTGTCGA	NC0824
sg78017	CTTGCGCAGCGTAGGTACGA	NC0825
sg78018	GGTTGTCGCGAACGTTACGA	NC0826
sg78019	GCATACCCGACGCGACTCGA	NC0827
sg78020	CCGACGATCGGTTGGTAACC	NC0828
sg78021	AATACTCCGGATATCGCGGT	NC0829
sg78022	ACCCGGTCGCAAGGCGTATA	NC0830
sg78023	CGATCGCACATGGCCGATCG	NC0831
sg78024	CGTGCACGATAACGGCGTAC	NC0832
sg78025	AGCTCGATATTCGCGCAACG	NC0833
sg78026	AATAGCGTTCGTATCCCGCG	NC0834
sg78027	CAGGACCATATAGCCGCGCG	NC0835
sg78028	ACGCCGAACTTTCGGTTCGG	NC0836
sg78029	CATTACGCCTCGGAACGTCG	NC0837
sg78030	CGCCGTATCACGGAATGCGC	NC0838
sg78031	CGCGTAAATCCGCGGTGGTA	NC0839
sg78032	GAGTATAATACGCGCCTAGA	NC0840
sg78033	GGATTCGACCGACACGTCGA	NC0841
sg78034	CGAACGGACGACGGTATATC	NC0842
sg78035	CGATAACGTTTAGCTCGACG	NC0843
sg78036	CGAACGGTCCGATAGTATTC	NC0844
sg78037	CGCTATCGCGGAATCGAGCG	NC0845
sg78038	ATACCGTCGCTATTCGCTAC	NC0846
sg78039	TCGACGCGTACGAGTTTGAA	NC0847
sg78040	CCGTAAACGTTAACGTACGC	NC0848
sg78041	ACGGCTTGTCGTAGTGCGTA	NC0849
sg78042	ACGCGTCCTTACGCGTTCGA	NC0850
sg78043	GCGGCGTACATTGTCGATCC	NC0851
sg78044	GTCGGTCCGCGATGCGTACA	NC0852
sg78045	CAATCGTCGCGTGTACGATG	NC0853
sg78046	CGCGTAACTTCGACGGTCGA	NC0854
sg78047	CTGTGTACGTCGCGATCGGA	NC0855
sg78048	CTATCGTGCGACCGATAGTA	NC0856
sg78049	ATATTGAGCCCGATATCGCG	NC0857
sg78050	ACTTATGCGTTCCCGCGAAG	NC0858
sg78051	GGTCGAATCTAGCCGCGCAA	NC0859
sg78052	ACCGTAGACGGGTATACGGA	NC0860
sg78053	CGGACCAATAACGCGGTACG	NC0861
sg78054	GAGGCGTTCGACCGCGTACC	NC0862
sg78055	CGCACGGCGCGCGAATCTAC	NC0863
sg78056	ATCATCGGTGCGCGTACGCC	NC0864
sg78057	ATCTAACGGGCGTCGCGCAA	NC0865
sg78058	CGAATATTATCGATCCCGGC	NC0866
sg78059	CGGCGTCGTTACGCGTTCAA	NC0867
sg78060	AGGCTCGTTACGACGCGGTA	NC0868
sg78061	AGGAATTATCGAACGCGCCG	NC0869
sg78062	CGGACCATATTGCGCGGACG	NC0870
sg78063	CGAAGACGCGGCTAATACGC	NC0871
sg78064	CCGACGCGATACTAGTCGTA	NC0872
sg78065	AGCGTATAACTCGGACGACG	NC0873
sg78066	AATCGATTATCGCCGCGGTC	NC0874
sg78067	CGACCGGTGTCGAGCGACAA	NC0875
sg78068	GCGAACGAGTCCGTACCGAC	NC0876
sg78069	CCGATTATCGGTCCGTCGTA	NC0877
sg78070	AACGCGCGTCATAGCGTTGT	NC0878
sg78071	TACGGCGTTGTTACGCGCGA	NC0879
sg78072	ATCTACGCGAGTAACGCGCC	NC0880
sg78073	CGCGATCCGCCCATAACGTA	NC0881
sg78074	TATACGCGGTACCCGCGCGA	NC0882
sg78075	GCGTCCGTGGGTCGCGTATA	NC0883
sg78076	TACATACGCGAAGCGTTCGA	NC0884
sg78077	CGCTACGAGTATTCGGACCG	NC0885
sg78078	AATACGTCGCCGTAGACGAT	NC0886
sg78079	TACCTAGCGTAGTACGCGAA	NC0887
sg78080	TATTCGCGCGGCCGACTAGA	NC0888
sg78081	CGAATAATGTCGAGCGCGGA	NC0889
sg78082	CGATCGCGCGTCACGATATC	NC0890
sg78083	ATCGAACGGTTACACGAACG	NC0891
sg78084	ACGTTTAATACGCGACTCGC	NC0892
sg78085	ACGGCGTACTCGTATTGCGC	NC0893
sg78086	CAGTCGCCCGTATGCGACTA	NC0894
sg78087	CGCCGTACGTTCACCGGTAA	NC0895
sg78088	AAATCCTCGAATCGCGCGAC	NC0896
sg78089	ACGGGTTACGTATCTAGCCG	NC0897
sg78090	CGCGACGTCGATTGATGTGA	NC0898
sg78091	ATCAGTCGGCCGATATACGG	NC0899
sg78092	CCGATATCGTACGCGATCAA	NC0900
sg78093	GTCGATCGGTACGCTACATA	NC0901
sg78094	CGCTATAGGGCGTAATACCG	NC0902
sg78095	ACGACTCATACTCCGTTCGG	NC0903
sg78096	TACCGGCTAGCGACGGTAAA	NC0904
sg78097	GCGCAATCCGATCTACGTTA	NC0905
sg78098	CCGCTACGTTCAACGGCGAA	NC0906
sg78099	GCGGTAAATTCGCGACGATA	NC0907
sg78100	ACGATTACTCGCCGCGGGTA	NC0908
sg78101	CCGCGCATAGATTCGTCGCC	NC0909
sg78102	AACGCGTATTATCTCGCCCG	NC0910
sg78103	TATCACGCAATCGTCGTCGA	NC0911
sg78104	CGTTACGGGCGTATTCCGGC	NC0912
sg78105	CTACCGCCCGACCCGATATA	NC0913
sg78106	ATTTCGACCGGCGATCGTAC	NC0914
sg78107	ATACCGTGACGCGCTACTCA	NC0915
sg78108	CGACGCCGCGCATACAATTA	NC0916
sg78109	AACGATCGACGCATCCGCGA	NC0917
sg78110	CGCCGATCGCGTATCATGCC	NC0918
sg78111	CGATAACGGGCTCTATCGAC	NC0919
sg78112	ACCCTAAGATATACGCGCGG	NC0920
sg78113	ACCTCGGATCGATTATGCGA	NC0921
sg78114	CGTGTAACGCGGGACCGTAC	NC0922
sg78115	CCGTACTACACGCGTCAATC	NC0923
sg78116	TCGGAATACGTATCCGGCAA	NC0924
sg78117	CGTGCCGCGACGTCGTACCA	NC0925
sg78118	CGGCGTTCGATAACCCGAGA	NC0926
sg78119	CGTCTATGGTCGAGCCGTAC	NC0927
sg78120	ACCGACGCGTCGCTCGATAC	NC0928
sg78121	CCCGCGACGCGCGGTATATA	NC0929
sg78122	CGAACTAACGTCGCGCCACG	NC0930
sg78123	ATTCGATAGCGTACGGTCCG	NC0931
sg78124	CGAATCGTACGGGCCGTTAC	NC0932
sg78125	TAGCGCGTAGCCGCCGTTAA	NC0933
sg78126	AACGACTATCGAGCGCCATG	NC0934
sg78127	CGCGATCTACGAGCCGTAAA	NC0935
sg78128	ATCGATCGTATAACTCCACG	NC0936
sg78129	GTAAGGTCCGCGATCGACGA	NC0937
sg78130	CCCGTCGAGCGTCGTATCAC	NC0938
sg78131	AATCTACTCGCGAACGCTAT	NC0939
sg78132	ATACGAGCGTACCGAACTCA	NC0940
sg78133	GTCGCGACGAGTAGGGTTAA	NC0941
sg78134	TAGTCCGGTTCGCGCCACGA	NC0942
sg78135	AAGTAACGTGCGACAACGCG	NC0943
sg78136	AGATTCCGCCGGCCGATCGA	NC0944
sg78137	ATGCGTTCGATACTATCCGC	NC0945
sg78138	CGACGGATCGTCAATACGAC	NC0946
sg78139	CTAACGCAAGTCGCGCTACC	NC0947
sg78140	GTACCGTCGGATCGGTCGAA	NC0948
sg78141	AATAGCGTAATTCCGACGCG	NC0949
sg78142	AACGAATATCGCCGACGTCG	NC0950
sg78143	CGTCGTAGCGTAATTGCGAA	NC0951
sg78144	CGCCATACGAAACGTTGCCG	NC0952
sg78145	ATACTCGTTAATCGCGGGAC	NC0953
sg78146	ATCTAGCGAACCTCGCGATC	NC0954
sg78147	ATACAGATTACGCGCGTCCG	NC0955
sg78148	GCGTCCGACTATAACGACGC	NC0956
sg78149	CGTAGCGTAACGTTGCTAGA	NC0957
sg78150	GGTACGCCGTATCGCGGAAC	NC0958
sg78151	CGTTATTCCGGGCCGCGAAA	NC0959
sg78152	ACCGCTAGCGGCGATAGTAC	NC0960
sg78153	AATCGCGCGCTATTCGGGAC	NC0961
sg78154	CGAATATATTCGTCGCGTCG	NC0962
sg78155	AATTTAAGTGCGTCGCGACG	NC0963
sg78156	ACGCGATCGTATAATAGGCC	NC0964
sg78157	GATATCGGCCGGAACGGATC	NC0965
sg78158	ATACGTCGTCGCGGCGAACA	NC0966
sg78159	CGTAACGGCTAGTTTAGCGC	NC0967
sg78160	AACGACTCGCGTTGTCGACC	NC0968
sg78161	TAATCGTCGGCGCGTAAGTA	NC0969
sg78162	CGAAGTTGTAACGGTCCGAC	NC0970
sg78163	ATCGATAGTTCGCGAGCGAA	NC0971
sg78164	CCGTGTCGCGTATCGAACGC	NC0972
sg78165	CGCGTATAGAGTACCGGAAC	NC0973
sg78166	ACGTTCGACGATCGATCTTG	NC0974
sg78167	TCGAGCGTTACACCCGACGA	NC0975
sg78168	AAGATTCGCGTCGGTTGCCG	NC0976
sg78169	ACGATATAGCTTCGCGCGGC	NC0977
sg78170	GTAATTCGTCGCTAACGGGA	NC0978
sg78171	TACAACCGACTAACTCGCGA	NC0979
sg78172	CGATCGCGTTTGTTCGGACC	NC0980
sg78173	CGATTGTACGTCCGTCGGTC	NC0981
sg78174	ATAGACGACGCGACGGTACG	NC0982
sg78175	TACAGTTACGCGGTCGACGA	NC0983
sg78176	CGTACTGCGACGGCGTTCGA	NC0984
sg78177	CCAGGTCGTTCGCGCGATAA	NC0985
sg78178	ACTATATTCGCCGGTCCGCT	NC0986
sg78179	GGCGTCGTTACGGCCGGTTA	NC0987
sg78180	AAGTTGTTCGGTCGCGCCGT	NC0988
sg78181	AGTCGCGCTAGTTATCCGAA	NC0989
sg78182	ACGATTCGCGCCCGTACTAA	NC0990
sg78183	AGCCGAAACGTACGATCCGC	NC0991
sg78184	AATTCGTCGCGACTCACGCG	NC0992
sg78185	CGTACGACGTAGCCGGAATA	NC0993
sg78186	CATGACGATTGATTCGTCCG	NC0994
sg78187	CGTACGCATTAGTCGCGGCC	NC0995
sg78188	CGTATTAGTCGCGTATCAGC	NC0996
sg78189	CCGGCGTATAGCGAATCGCG	NC0997
sg78190	AATATCACGTCGTGATAGCG	NC0998
sg78191	CGATTGAATAGCGGCGACGA	NC0999
sg78192	AAGGTCGTGTCGCCGAATTG	NC1000